{
  "project_info": {
    "project_number": "314710786512",
    "project_id": "common-pool-app-dcbfe",
    "storage_bucket": "common-pool-app-dcbfe.appspot.com"
  },
  "client": [
    {
      "client_info": {
        "mobilesdk_app_id": "1:314710786512:android:75afb35954a4e3d522b9d5",
        "android_client_info": {
          "package_name": "com.etechviral.common_pool_app"
        }
      },
      "oauth_client": [
        {
          "client_id": "314710786512-bdk7a3oigrthrfan2149gm07e1c4i5gh.apps.googleusercontent.com",
          "client_type": 3
        }
      ],
      "api_key": [
        {
          "current_key": "AIzaSyDRwfVGsy3SXZyvF38pkqLDXzjazra0fVA"
        }
      ],
      "services": {
        "appinvite_service": {
          "other_platform_oauth_client": [
            {
              "client_id": "314710786512-bdk7a3oigrthrfan2149gm07e1c4i5gh.apps.googleusercontent.com",
              "client_type": 3
            }
          ]
        }
      }
    }
  ],
  "configuration_version": "1"
}